sample	PIGM,95T	VPS11,.	RIPR,4G76C85G101A	CG2_related,31C34A100C139G174G184A	RIPR,4G76C85G	SLARP,2T	SLARP,2T78C	FRM1_1,.	DBP_1,44A	DBP_1,.	RBP2b_3,8A53G	RBP2b_3,.	RBP2b_3,1D=GCTAACCGCT12T14C15A17G19G20C22T24G25A26A29A30A32G33G34G36G37D=TAATTCTAT46C48A49G50G55C56C57G58C60T62G63G64I=AACGACTG65G66G67G68G	PIGM,92A95T	CG2_related,31C34A100C139G174G184A195G	PIGM,95T115A	RIPR,4G76C85G100A	CG2_related,31C34A100C139G174T184A	PIGM,1T95T	FRM1_1,1C	RBP2b_3,1D=GCTAACCGCTGCAGTT17G19G20A21G22G24G25T29T30G32G34T37D=TAATT43C44C45C46G49T50G51G53G54C55G56C57G58C60T62G63G64I=AAGGCTTCGTTTATGCTTG70I=GTCCTAGATAC	VPS11,139I=AG	SLARP,1I=TCGT2G3C4G7C11G12C13G15T18C23C24G27G29G33I=GT36C38C39C40A41C42A43G45T46A47G48A49G52C54A55A57C58G59G60T61A63A66D=T67A69C70C73G76A80A82C85T86C88C89C90D=TT	SLARP,1D=GCAAG6C10D=AAAAAAAG21T22C28I=TAATCGCTTTAAA29C30A32T33C34C39T40G41A42A44A45A46C47G48A50T51T58D=ACCTGCG65T68G72G77D=ATA83G84T85C86C87T89C90C	FRM1_1,1I=GAGCA1T3T4G11T12G13T15T17A18G19T20G21T22G24A27T30G31T32T36A38G39T40G41A44G46G48G50G51I=AT53A54G55G58C59I=AAT60T62C64C65A71G78T81I=AG82G88D=CCTCTAA96G97G99G102T105I=TGTGTG106G108G109C111T112G113C114G115T118G122G123A124G125C126G129C131T133T135I=AT135G136C141C143G145G147G148T149G150T151T152A153G154C157G159I=CA162D=TCCA167T171T172G177C178G180D=AA
G-0-12p-8plex-1_S49	74	60	26	42	0	48	0	14	0	0	0	0	0	0	0	0	0	0	0	0	0	0	0	0	0
G-0-12p-8plex-2_S50	19	0	11	21	0	14	0	4	0	0	0	0	0	0	0	0	0	0	0	0	0	25	0	0	0
G-0-12p-8plex-3_S51	74	70	32	63	0	28	0	10	5	0	0	0	0	0	0	0	0	0	0	0	0	0	0	0	0
G-0-12p-No-DBP-1-RBP2b-3-1_S52	99	62	38	48	0	41	0	12	0	0	0	0	0	0	0	0	0	0	0	0	0	0	0	0	0
G-0-12p-No-DBP-1-RBP2b-3-2_S53	64	46	19	45	0	26	0	13	0	0	0	0	0	0	0	0	0	0	0	0	0	0	0	0	0
G-0-12p-No-DBP-1-RBP2b-3-3_S54	110	68	32	58	0	33	0	15	0	0	0	0	0	0	0	0	0	0	0	0	0	0	0	0	0
G-0-12p-No-RBP2b-3-FRM1-1-1_S55	115	0	72	86	0	52	0	0	6	0	0	0	0	0	0	0	0	0	0	0	0	0	0	0	0
G-0-12p-No-RBP2b-3-FRM1-1-2_S56	89	62	26	50	0	28	0	0	5	0	0	0	0	0	0	0	0	0	0	0	0	0	0	0	0
G-0-12p-No-RBP2b-3-FRM1-1-3_S57	55	0	16	21	0	25	0	0	0	0	0	0	0	0	0	0	0	0	0	0	0	0	0	0	0
G-0-12p-No-RIPR-VSP11-1_S58	60	0	0	24	0	30	0	12	3	0	0	0	0	0	0	0	0	0	0	0	0	0	0	0	0
G-0-12p-No-RIPR-VSP11-2_S59	154	0	0	95	0	59	0	17	4	0	0	6	0	0	0	0	0	0	0	0	0	0	0	0	0
G-0-12p-No-RIPR-VSP11-3_S60	75	0	0	47	0	56	0	22	11	0	0	0	0	0	0	0	0	0	0	0	0	0	0	0	0
G-0-12p-PIGM-RIPR-DBP-1-RBP2b-3-1_S82	109	0	48	0	0	0	0	0	6	0	0	9	0	0	0	0	0	0	0	0	0	0	0	0	0
G-0-12p-PIGM-RIPR-DBP-1-RBP2b-3-2_S83	109	0	46	0	0	0	0	0	3	0	0	0	0	0	0	0	0	0	0	0	0	0	0	0	0
G-0-12p-PIGM-RIPR-DBP-1-RBP2b-3-3_S84	110	0	47	0	0	0	0	0	7	0	0	4	0	0	0	0	0	0	0	0	0	0	0	0	0
G-0-12p-PIGM-RIPR-VSP11-CG2-related-1_S76	62	70	33	34	0	0	0	0	0	0	0	0	0	0	0	0	0	0	0	0	0	0	0	0	0
G-0-12p-PIGM-RIPR-VSP11-CG2-related-2_S77	62	51	26	28	0	0	0	0	0	0	0	0	0	0	0	0	0	0	0	0	0	0	0	0	0
G-0-12p-PIGM-RIPR-VSP11-CG2-related-3_S78	54	62	19	27	0	0	0	0	0	0	0	0	0	0	0	0	0	0	0	0	0	0	0	0	0
G-0-6p-8plex-1_S37	46	43	22	20	0	19	0	7	3	0	0	0	0	0	0	0	0	0	0	0	0	0	0	0	0
G-0-6p-8plex-2_S38	314	220	116	129	0	128	0	44	18	0	0	14	0	0	0	0	0	0	0	0	0	0	0	0	0
G-0-6p-8plex-3_S39	179	151	140	122	0	124	0	25	12	0	0	4	0	0	0	0	0	0	0	0	0	0	0	0	0
G-0-6p-No-DBP-1-RBP2b-3-1_S40	413	277	161	207	0	176	0	56	0	0	0	0	0	0	0	0	0	0	0	0	0	0	0	0	0
G-0-6p-No-DBP-1-RBP2b-3-2_S41	330	238	98	100	0	150	0	25	0	0	0	0	0	0	0	0	0	0	0	0	0	0	0	0	0
G-0-6p-No-DBP-1-RBP2b-3-3_S42	283	282	117	193	0	104	0	41	0	0	0	0	0	0	0	0	0	0	0	0	0	0	0	0	0
G-0-6p-No-RBP2b-3-FRM1-1-1_S43	709	546	358	356	0	309	0	0	46	0	0	0	4	0	0	0	0	0	0	0	0	0	0	0	0
G-0-6p-No-RBP2b-3-FRM1-1-2_S44	249	218	127	166	0	127	0	0	29	0	0	0	3	0	0	0	0	0	0	0	0	0	0	0	0
G-0-6p-No-RBP2b-3-FRM1-1-3_S45	72	82	37	46	0	48	0	0	4	0	0	0	0	0	0	0	0	0	0	0	0	0	0	0	0
G-0-6p-No-RIPR-VSP11-1_S46	186	0	0	121	0	97	0	14	8	0	0	0	0	0	0	0	0	0	0	0	0	0	0	0	0
G-0-6p-No-RIPR-VSP11-2_S47	492	0	0	209	0	183	0	61	27	0	0	7	0	0	0	0	0	0	0	0	0	0	0	0	0
G-0-6p-No-RIPR-VSP11-3_S48	148	0	0	125	0	161	0	15	3	0	0	8	0	0	0	0	0	0	0	0	0	0	0	0	0
G-0-6p-PIGM-RIPR-DBP-1-RBP2b-3-1_S70	668	0	240	0	0	0	0	0	43	0	0	11	0	0	0	0	0	0	0	0	0	0	0	0	0
G-0-6p-PIGM-RIPR-DBP-1-RBP2b-3-2_S71	335	0	159	0	0	0	0	0	14	0	0	19	0	0	0	0	0	0	0	0	0	0	0	0	0
G-0-6p-PIGM-RIPR-DBP-1-RBP2b-3-3_S72	656	0	181	0	0	0	0	0	32	0	0	6	0	0	0	0	0	0	0	0	0	0	0	0	0
G-0-6p-PIGM-RIPR-VSP11-CG2-related-1_S64	470	402	177	167	0	0	0	0	0	0	0	0	0	0	0	0	0	0	0	0	0	0	0	0	0
G-0-6p-PIGM-RIPR-VSP11-CG2-related-2_S65	650	534	286	216	0	0	0	0	0	0	0	0	0	0	0	0	0	0	0	0	0	0	0	0	0
G-0-6p-PIGM-RIPR-VSP11-CG2-related-3_S66	1429	1164	560	523	0	0	0	0	0	0	0	0	0	0	0	0	0	0	0	0	0	0	0	0	0
G-1-2p-8plex-1_S25	1423	1222	569	733	0	639	0	250	133	0	0	36	16	0	0	0	0	0	0	0	0	0	0	0	0
G-1-2p-8plex-2_S26	925	765	361	386	0	360	0	99	45	0	0	15	6	0	0	0	0	0	0	0	0	0	0	0	0
G-1-2p-8plex-3_S27	1085	732	334	455	0	438	0	138	64	0	0	25	7	0	0	0	0	0	0	0	0	0	0	0	0
G-1-2p-No-DBP-1-RBP2b-3-1_S28	1514	1147	496	686	0	610	0	183	0	0	0	0	18	0	0	0	0	0	0	0	0	0	0	0	0
G-1-2p-No-DBP-1-RBP2b-3-2_S29	1101	807	382	472	0	419	0	125	0	0	0	0	0	0	0	0	0	0	0	0	0	0	0	0	0
G-1-2p-No-DBP-1-RBP2b-3-3_S30	690	483	283	295	0	347	0	99	0	0	0	0	7	0	0	0	0	0	0	0	0	0	0	0	0
G-1-2p-No-RBP2b-3-FRM1-1-1_S31	1191	793	396	491	0	460	0	0	60	0	0	0	5	0	0	0	0	0	0	0	0	0	0	0	0
G-1-2p-No-RBP2b-3-FRM1-1-2_S32	1689	1203	572	843	0	617	0	0	91	0	0	0	26	0	0	0	0	0	0	0	0	0	0	0	0
G-1-2p-No-RBP2b-3-FRM1-1-3_S33	1394	1006	604	558	0	514	0	0	96	0	0	0	17	0	0	0	0	0	0	0	0	0	0	0	0
G-1-2p-No-RIPR-VSP11-1_S34	679	0	0	259	0	267	0	85	40	0	0	25	6	0	0	0	0	0	0	0	0	0	0	0	0
G-1-2p-No-RIPR-VSP11-2_S35	1094	0	0	548	0	426	0	126	59	0	0	29	0	0	0	0	0	0	0	0	0	0	0	0	0
G-1-2p-No-RIPR-VSP11-3_S36	848	0	0	370	0	326	0	82	34	0	0	20	4	0	0	0	0	0	0	0	0	0	0	0	0
G-1-2p-PIGM-RIPR-DBP-1-RBP2b-3-1_S91	1147	0	349	0	0	0	0	0	66	0	0	25	0	0	0	0	0	0	0	0	0	0	0	0	0
G-1-2p-PIGM-RIPR-DBP-1-RBP2b-3-2_S92	1741	0	694	0	0	0	0	0	75	0	0	26	0	0	0	0	0	0	0	0	0	0	0	0	0
G-1-2p-PIGM-RIPR-DBP-1-RBP2b-3-3_S93	1823	0	671	0	0	0	0	0	84	0	0	22	0	0	0	0	0	0	0	0	0	0	0	0	0
G-1-2p-PIGM-RIPR-VSP11-CG2-related-1_S85	1270	921	587	471	0	0	0	0	0	0	0	0	0	0	0	0	0	0	0	0	0	0	0	0	0
G-1-2p-PIGM-RIPR-VSP11-CG2-related-2_S86	1229	1009	467	459	0	0	0	0	0	0	0	0	0	0	0	0	0	0	0	0	0	0	0	0	0
G-1-2p-PIGM-RIPR-VSP11-CG2-related-3_S87	1172	882	513	360	0	0	0	0	0	0	0	0	0	0	0	0	0	0	0	0	0	0	0	0	0
G-60p-8plex-1_S1	26794	0	0	12001	0	21144	0	4471	5120	0	0	2397	1024	338	0	0	0	0	0	0	5	0	0	0	0
G-60p-8plex-2_S2	36721	0	0	17058	0	28376	0	6079	7011	0	0	3218	853	430	0	0	0	0	0	0	5	0	0	0	0
G-60p-8plex-3_S3	30430	0	0	13133	0	24131	0	4827	5074	0	0	2696	753	385	0	0	0	0	0	0	8	0	0	0	0
G-60p-No-DBP-1-RBP2b-3-1_S4	22686	13069	15312	9199	0	19095	0	0	4220	0	0	0	493	269	0	0	0	0	0	0	2	0	0	0	0
G-60p-No-DBP-1-RBP2b-3-2_S5	30475	17286	19618	12601	0	24208	0	0	5357	0	0	0	524	395	0	0	0	0	0	0	5	0	0	0	0
G-60p-No-DBP-1-RBP2b-3-3_S6	17714	10255	11387	7015	0	14582	0	0	2852	0	0	0	389	242	0	0	0	0	0	0	0	0	0	0	0
G-60p-No-RBP2b-3-FRM1-1-1_S7	35602	19252	20113	12406	0	24731	0	3944	0	0	0	0	518	459	0	0	0	0	0	0	0	0	0	0	0
G-60p-No-RBP2b-3-FRM1-1-2_S8	23807	13766	13965	9201	0	17974	0	3019	0	0	0	0	682	277	0	0	0	0	0	0	3	0	0	0	0
G-60p-No-RBP2b-3-FRM1-1-3_S9	24883	14373	14491	9842	0	18563	0	2927	0	0	0	0	458	280	0	0	0	0	0	0	0	0	0	0	0
G-60p-No-RIPR-VSP11-1_S10	21570	12416	12474	8045	0	16137	0	2263	2960	0	0	1378	350	285	0	0	0	0	0	0	3	0	0	0	0
G-60p-No-RIPR-VSP11-2_S11	26105	14328	15120	9180	0	19096	0	2512	3939	0	0	1878	563	337	0	0	0	0	0	0	0	0	3	0	0
G-60p-No-RIPR-VSP11-3_S12	28869	14866	16550	9797	0	21817	0	3271	4604	0	0	2137	712	390	0	0	0	0	0	0	3	0	0	0	0
G-60p-PIGM-RIPR-DBP-1-RBP2b-3-1_S67	69608	0	53053	0	0	0	0	0	17706	0	0	11719	0	1003	0	0	0	0	174	0	0	0	0	0	0
G-60p-PIGM-RIPR-DBP-1-RBP2b-3-2_S68	46557	0	30824	0	0	0	0	0	8764	0	0	4187	0	650	0	0	0	0	0	0	0	0	0	0	0
G-60p-PIGM-RIPR-DBP-1-RBP2b-3-3_S69	43315	0	28260	0	0	0	0	0	8618	0	0	4169	0	620	0	0	0	0	0	0	0	0	0	0	0
G-60p-PIGM-RIPR-VSP11-CG2-related-1_S61	36451	23736	26725	18174	0	0	0	0	0	0	0	0	0	504	180	0	0	148	0	0	0	0	0	0	0
G-60p-PIGM-RIPR-VSP11-CG2-related-2_S62	45660	27264	30177	19182	0	0	0	0	0	0	0	0	0	584	179	0	0	126	0	0	0	0	0	0	0
G-60p-PIGM-RIPR-VSP11-CG2-related-3_S63	40675	23871	26301	16104	0	0	0	0	0	0	0	0	0	524	167	0	0	0	0	0	0	0	0	0	0
G-6p-8plex-1_S13	6758	3743	2403	2463	0	2774	0	737	413	0	0	168	69	0	0	0	0	0	0	0	0	0	0	0	0
G-6p-8plex-2_S14	5022	3464	1872	2102	0	2513	0	688	372	0	0	163	43	0	0	0	0	0	0	0	0	0	0	0	0
G-6p-8plex-3_S15	7919	4930	3272	3272	0	3621	0	917	522	0	0	266	60	0	0	0	0	0	0	0	0	0	0	0	0
G-6p-No-DBP-1-RBP2b-3-1_S16	7571	5357	3359	3953	0	3859	0	1207	0	0	0	0	80	0	0	0	0	0	0	0	0	0	0	0	0
G-6p-No-DBP-1-RBP2b-3-2_S17	6704	4906	2815	3121	0	3458	0	877	0	0	0	0	83	0	0	0	0	0	0	0	0	0	0	0	0
G-6p-No-DBP-1-RBP2b-3-3_S18	9799	6474	4180	4411	0	4770	0	1304	0	0	0	0	94	0	0	0	0	0	0	0	0	0	0	0	0
G-6p-No-RBP2b-3-FRM1-1-1_S19	7157	5298	3609	3863	0	3964	0	0	697	0	0	0	79	0	0	0	0	0	0	0	0	0	0	0	0
G-6p-No-RBP2b-3-FRM1-1-2_S20	7846	5501	3705	3980	0	3962	0	0	680	0	0	0	75	0	0	0	0	0	0	0	0	0	0	0	0
G-6p-No-RBP2b-3-FRM1-1-3_S21	5423	3761	2402	2600	0	2762	0	0	459	0	0	0	67	0	0	0	0	0	0	0	0	0	0	0	0
G-6p-No-RIPR-VSP11-1_S22	7180	0	0	3463	0	3533	0	966	571	0	0	200	66	0	0	0	0	0	0	0	0	0	0	0	0
G-6p-No-RIPR-VSP11-2_S23	9101	0	0	5030	0	4554	0	1266	720	0	0	270	112	0	0	0	0	0	0	0	0	0	0	0	0
G-6p-No-RIPR-VSP11-3_S24	5719	0	0	3064	0	2773	0	855	444	0	0	147	68	0	0	0	0	0	0	0	0	0	0	0	0
G-6p-PIGM-RIPR-DBP-1-RBP2b-3-1_S79	19204	0	9457	0	0	0	0	0	1538	0	0	644	0	252	0	0	0	0	0	0	0	0	0	0	0
G-6p-PIGM-RIPR-DBP-1-RBP2b-3-2_S80	7809	0	4087	0	0	0	0	0	562	0	0	247	0	0	0	0	0	0	0	0	0	0	0	0	0
G-6p-PIGM-RIPR-DBP-1-RBP2b-3-3_S81	10374	0	4459	0	0	0	0	0	675	0	0	274	0	0	0	0	0	0	0	0	0	0	0	0	0
G-6p-PIGM-RIPR-VSP11-CG2-related-1_S73	7154	5641	3899	4125	0	0	0	0	0	0	0	0	0	0	0	0	0	0	0	0	0	0	0	0	0
G-6p-PIGM-RIPR-VSP11-CG2-related-2_S74	6942	5454	3361	3366	0	0	0	0	0	0	0	0	0	0	0	0	0	0	0	0	0	0	0	0	0
G-6p-PIGM-RIPR-VSP11-CG2-related-3_S75	10960	8533	5373	5023	0	0	0	0	0	0	0	0	0	0	0	0	0	0	0	0	0	0	0	0	0
G-HumanNegative_S96	0	0	0	0	0	0	0	0	0	0	0	0	0	0	0	0	0	0	0	0	0	0	0	0	1
HRP-0-05-8plex-3_S147	88	48	0	27	21	0	27	6	0	5	5	0	0	0	0	0	0	0	0	0	0	0	0	0	0
HRP-0-05p-8plex-1_S145	120	72	0	21	26	0	35	12	0	5	0	0	0	0	0	0	0	0	0	0	0	0	0	0	0
HRP-0-05p-8plex-2_S146	61	41	0	19	21	0	22	13	0	0	0	0	0	0	0	0	0	0	0	0	0	0	0	0	0
HRP-0-05p-No-DBP-1-RBP2b-3-1_S148	160	96	0	31	41	0	28	15	0	0	0	0	0	0	0	0	0	0	0	0	0	0	0	0	0
HRP-0-05p-No-DBP-1-RBP2b-3-2_S149	119	70	0	21	17	0	30	9	0	0	0	0	0	0	0	0	0	0	0	0	0	0	0	0	0
HRP-0-05p-No-DBP-1-RBP2b-3-3_S150	150	105	0	27	29	0	41	12	0	0	0	0	0	0	0	0	0	0	0	0	0	0	0	0	0
HRP-0-05p-No-RBP2b-3-FRM1-1-1_S151	67	54	0	21	17	0	18	0	0	2	0	0	0	0	0	0	0	0	0	0	0	0	0	0	0
HRP-0-05p-No-RBP2b-3-FRM1-1-2_S152	135	66	0	42	25	0	40	0	0	9	0	0	0	0	0	0	0	0	0	0	0	0	0	0	0
HRP-0-05p-No-RBP2b-3-FRM1-1-3_S153	58	0	0	13	24	0	19	0	0	6	0	0	0	0	0	0	0	0	0	0	0	0	0	0	0
HRP-0-05p-No-RIPR-VSP11-1_S154	108	0	0	30	0	0	38	13	0	8	5	0	0	0	0	0	0	0	0	0	0	0	0	0	0
HRP-0-05p-No-RIPR-VSP11-2_S155	114	0	0	32	0	0	31	24	0	8	0	0	0	0	0	0	0	0	0	0	0	0	0	0	0
HRP-0-05p-No-RIPR-VSP11-3_S156	100	0	0	15	0	0	23	4	0	3	0	0	0	0	0	0	0	0	0	0	0	0	0	0	0
HRP-0-05p-PIGM-RIPR-DBP-1-RBP2b-3-2_S179	129	0	0	0	49	0	0	0	0	5	6	0	0	0	0	0	0	0	0	0	0	0	0	0	0
HRP-0-05p-PIGM-RIPR-DBP-1-RBP2b-3-3_S180	134	0	0	0	50	0	0	0	0	3	0	0	0	0	0	0	0	0	0	0	0	0	0	0	0
HRP-0-05p-PIGM-RIPR-VSP11-CG2-related-1_S172	132	110	0	27	66	0	0	0	0	0	0	0	0	0	0	0	0	0	0	0	0	0	0	0	0
HRP-0-05p-PIGM-RIPR-VSP11-CG2-related-2_S173	87	52	0	16	29	0	0	0	0	0	0	0	0	0	0	0	0	0	0	0	0	0	0	0	0
HRP-0-05p-PIGM-RIPR-VSP11-CG2-related-3_S174	133	86	0	23	31	0	0	0	0	0	0	0	0	0	0	0	0	0	0	0	0	0	0	0	0
HRP-0-3p-8plex-1_S133	404	232	0	73	81	0	84	45	0	15	0	0	0	0	0	0	0	0	0	0	0	0	0	0	0
HRP-0-3p-8plex-2_S134	595	324	0	93	136	0	144	53	0	16	14	0	0	0	0	0	0	0	0	0	0	0	0	0	0
HRP-0-3p-8plex-3_S135	437	250	0	66	90	0	88	54	0	18	11	0	3	0	0	0	0	0	0	0	0	0	0	0	0
HRP-0-3p-No-DBP-1-RBP2b-3-1_S136	516	308	0	89	120	0	133	58	0	0	0	0	0	0	0	0	0	0	0	0	0	0	0	0	0
HRP-0-3p-No-DBP-1-RBP2b-3-2_S137	963	522	0	148	201	0	178	108	0	0	0	0	4	0	0	0	0	0	0	0	0	0	0	0	0
HRP-0-3p-No-DBP-1-RBP2b-3-3_S138	550	302	0	93	124	0	131	48	0	0	0	0	0	0	0	0	0	0	0	0	0	0	0	0	0
HRP-0-3p-No-RBP2b-3-FRM1-1-1_S139	646	374	0	129	188	0	150	0	0	24	0	0	6	0	0	0	0	0	0	0	0	0	0	0	0
HRP-0-3p-No-RBP2b-3-FRM1-1-2_S140	691	300	0	89	126	0	119	0	0	17	0	0	0	0	0	0	0	0	0	0	0	0	0	0	0
HRP-0-3p-No-RBP2b-3-FRM1-1-3_S141	694	437	0	71	154	0	139	0	0	39	0	0	7	0	0	0	0	0	0	0	0	0	0	0	0
HRP-0-3p-No-RIPR-VSP11-1_S142	647	0	0	61	0	0	153	62	0	26	18	0	6	0	0	0	0	0	0	0	0	0	0	0	0
HRP-0-3p-No-RIPR-VSP11-2_S143	262	0	0	26	0	0	45	17	0	8	0	0	0	0	0	0	0	0	0	0	0	0	0	0	0
HRP-0-3p-No-RIPR-VSP11-3_S144	623	0	0	81	0	0	172	53	0	32	17	0	4	0	0	0	0	0	0	0	0	0	0	0	0
HRP-0-3p-PIGM-RIPR-DBP-1-RBP2b-3-1_S166	1032	0	0	0	242	0	0	0	0	35	11	0	0	0	0	0	0	0	0	0	0	0	0	0	0
HRP-0-3p-PIGM-RIPR-DBP-1-RBP2b-3-2_S167	1404	0	0	0	272	0	0	0	0	42	28	0	0	0	0	0	0	0	0	0	0	0	0	0	0
HRP-0-3p-PIGM-RIPR-DBP-1-RBP2b-3-3_S168	816	0	0	0	162	0	0	0	0	23	9	0	0	0	0	0	0	0	0	0	0	0	0	0	0
HRP-0-3p-PIGM-RIPR-VSP11-CG2-related-1_S160	1331	766	0	197	371	0	0	0	0	0	0	0	0	0	0	0	0	0	0	0	0	0	0	0	0
HRP-0-3p-PIGM-RIPR-VSP11-CG2-related-2_S161	1007	782	0	136	332	0	0	0	0	0	0	0	0	0	0	0	0	0	0	0	0	0	0	0	0
HRP-0-3p-PIGM-RIPR-VSP11-CG2-related-3_S162	1006	669	0	123	226	0	0	0	0	0	0	0	0	0	0	0	0	0	0	0	0	0	0	0	0
HRP-0-5p-8plex-1_S121	864	526	0	131	159	0	168	91	0	34	21	0	0	0	0	0	0	0	0	0	0	0	0	0	0
HRP-0-5p-8plex-2_S122	1488	917	0	269	316	0	375	129	0	57	27	0	6	0	0	0	0	0	0	0	0	0	0	0	0
HRP-0-5p-8plex-3_S123	1918	997	0	328	394	0	380	180	0	65	43	0	4	0	0	0	0	0	0	0	0	0	0	0	0
HRP-0-5p-No-DBP-1-RBP2b-3-1_S124	2381	1441	0	384	502	0	577	230	0	0	0	0	10	0	0	0	0	0	0	0	0	0	0	0	0
HRP-0-5p-No-DBP-1-RBP2b-3-2_S125	1504	808	0	240	322	0	341	132	0	0	0	0	0	0	0	0	0	0	0	0	0	0	0	0	0
HRP-0-5p-No-DBP-1-RBP2b-3-3_S126	2348	1417	0	337	564	0	559	243	0	0	0	0	13	0	0	0	0	0	0	0	0	0	0	0	0
HRP-0-5p-No-RBP2b-3-FRM1-1-1_S127	1444	904	0	283	329	0	339	0	0	59	0	0	0	0	0	0	0	0	0	0	0	0	0	0	0
HRP-0-5p-No-RBP2b-3-FRM1-1-2_S128	840	511	0	166	229	0	236	0	0	32	0	0	5	0	0	0	0	0	0	0	0	0	0	0	0
HRP-0-5p-No-RBP2b-3-FRM1-1-3_S129	1071	652	0	136	250	0	234	0	0	39	0	0	0	0	0	0	0	0	0	0	0	0	0	0	0
HRP-0-5p-No-RIPR-VSP11-1_S130	1801	0	0	200	0	0	391	189	0	62	30	0	12	0	0	0	0	0	0	0	0	0	0	0	0
HRP-0-5p-No-RIPR-VSP11-2_S131	73	0	0	3	0	0	14	0	0	0	0	0	0	0	0	0	0	0	0	0	0	0	0	0	0
HRP-0-5p-No-RIPR-VSP11-3_S132	1985	0	0	269	0	0	469	172	0	73	40	0	20	0	0	0	0	0	0	0	0	0	0	0	0
HRP-0-5p-PIGM-RIPR-DBP-1-RBP2b-3-1_S187	2305	0	0	0	485	0	0	0	0	112	42	0	0	0	0	0	0	0	0	0	0	0	0	0	0
HRP-0-5p-PIGM-RIPR-DBP-1-RBP2b-3-2_S188	1725	0	0	0	410	0	0	0	0	31	21	0	0	0	0	0	0	0	0	0	0	0	0	0	0
HRP-0-5p-PIGM-RIPR-DBP-1-RBP2b-3-3_S189	2258	0	0	0	601	0	0	0	0	83	33	0	0	0	0	0	0	0	0	0	0	0	0	0	0
HRP-0-5p-PIGM-RIPR-VSP11-CG2-related-1_S181	1936	1594	0	339	628	0	0	0	0	0	0	0	0	0	0	0	0	0	0	0	0	0	0	0	0
HRP-0-5p-PIGM-RIPR-VSP11-CG2-related-2_S182	2416	1591	0	313	651	0	0	0	0	0	0	0	0	0	0	0	0	0	0	0	0	0	0	0	0
HRP-0-5p-PIGM-RIPR-VSP11-CG2-related-3_S183	3340	1896	0	447	760	0	0	0	0	0	0	0	0	0	0	0	0	0	0	0	0	0	0	0	0
HRP-2-6p-8plex-1_S109	11315	6722	0	2383	3665	0	3731	1358	0	691	345	0	43	0	0	0	0	0	0	0	0	0	0	0	0
HRP-2-6p-8plex-2_S110	6489	3961	0	1301	1769	0	2095	812	0	390	198	0	40	0	0	0	0	0	0	0	0	0	0	0	0
HRP-2-6p-8plex-3_S111	11908	7236	0	2631	3676	0	4006	1599	0	655	398	0	72	0	0	0	0	0	0	0	0	0	0	0	0
HRP-2-6p-No-DBP-1-RBP2b-3-1_S112	14929	10481	0	3773	5157	0	5546	2343	0	0	0	0	164	0	0	0	0	0	0	0	0	0	0	0	0
HRP-2-6p-No-DBP-1-RBP2b-3-2_S113	12351	7478	0	2217	3637	0	3848	1495	0	0	0	0	77	0	0	0	0	0	0	0	0	0	0	0	0
HRP-2-6p-No-DBP-1-RBP2b-3-3_S114	9280	5482	0	1884	2901	0	3062	1264	0	0	0	0	71	0	0	0	0	0	0	0	0	0	0	0	0
HRP-2-6p-No-RBP2b-3-FRM1-1-1_S115	10455	7702	0	2829	3732	0	3822	0	0	686	0	0	97	0	0	0	0	0	0	0	0	0	0	0	0
HRP-2-6p-No-RBP2b-3-FRM1-1-2_S116	10885	7547	0	2878	3892	0	4076	0	0	618	0	0	94	0	0	0	0	0	0	0	0	0	0	0	0
HRP-2-6p-No-RBP2b-3-FRM1-1-3_S117	9362	6258	0	1833	3265	0	3440	0	0	600	0	0	96	0	0	0	0	0	0	0	0	0	0	0	0
HRP-2-6p-No-RIPR-VSP11-1_S118	10428	0	0	2024	0	0	4176	1659	0	687	364	0	133	0	0	0	0	0	0	0	0	0	0	0	0
HRP-2-6p-No-RIPR-VSP11-2_S119	14	0	0	0	0	0	2	0	0	0	0	0	0	0	0	0	0	0	0	0	0	0	0	0	0
HRP-2-6p-No-RIPR-VSP11-3_S120	14149	0	0	3470	0	0	5382	2267	0	815	517	0	208	0	0	0	0	0	0	0	0	0	0	0	0
HRP-2-6p-PIGM-RIPR-DBP-1-RBP2b-3-1_S175	15589	0	0	0	5270	0	0	0	0	959	506	0	0	0	0	0	0	0	0	0	0	0	0	0	0
HRP-2-6p-PIGM-RIPR-DBP-1-RBP2b-3-2_S176	8545	0	0	0	2881	0	0	0	0	421	208	0	0	0	0	0	0	0	0	0	0	0	0	0	0
HRP-2-6p-PIGM-RIPR-DBP-1-RBP2b-3-3_S177	11981	0	0	0	5535	0	0	0	0	773	465	0	0	0	0	0	0	0	0	0	0	0	0	0	0
HRP-2-6p-PIGM-RIPR-VSP11-CG2-related-1_S169	14332	9386	0	3343	5420	0	0	0	0	0	0	0	0	0	0	0	0	0	0	0	0	0	0	0	0
HRP-2-6p-PIGM-RIPR-VSP11-CG2-related-2_S170	17836	11743	0	3653	6330	0	0	0	0	0	0	0	0	0	0	0	0	0	0	0	0	0	0	0	0
HRP-2-6p-PIGM-RIPR-VSP11-CG2-related-3_S171	9582	6214	0	2009	3131	0	0	0	0	0	0	0	0	0	0	0	0	0	0	0	0	0	0	0	0
HRP-26p-8plex-1_S97	19043	8867	0	2738	7941	0	9588	1748	0	1848	1165	0	270	0	0	0	0	0	0	0	0	0	0	0	0
HRP-26p-8plex-2_S98	27199	13105	0	4433	12115	0	14749	2831	0	2965	2145	0	388	0	0	0	0	0	0	0	3	0	0	0	0
HRP-26p-8plex-3_S99	26103	13549	0	4789	11786	0	15461	3026	0	3224	2504	0	528	0	0	0	0	0	0	0	0	0	0	0	0
HRP-26p-No-DBP-1-RBP2b-3-1_S100	34781	17664	0	7468	16932	0	20495	4579	0	0	0	0	585	0	0	0	0	0	0	0	2	0	3	0	0
HRP-26p-No-DBP-1-RBP2b-3-2_S101	22957	11941	0	4177	10242	0	12763	2659	0	0	0	0	294	0	0	0	0	0	0	0	2	0	0	0	0
HRP-26p-No-DBP-1-RBP2b-3-3_S102	32708	17621	0	6383	15988	0	19819	4551	0	0	0	0	659	0	0	0	0	0	0	0	4	0	0	0	0
HRP-26p-No-RBP2b-3-FRM1-1-1_S103	34188	18473	0	8118	18096	0	21967	0	0	4898	0	0	476	0	0	0	0	0	0	0	3	0	0	0	0
HRP-26p-No-RBP2b-3-FRM1-1-2_S104	30674	16129	0	6686	14992	0	19008	0	0	3848	0	0	557	0	0	0	0	0	0	0	0	0	0	0	0
HRP-26p-No-RBP2b-3-FRM1-1-3_S105	36756	20535	0	7476	18813	0	21271	0	0	4752	0	0	610	0	0	0	0	0	0	0	2	0	0	0	0
HRP-26p-No-RIPR-VSP11-1_S106	31882	0	0	8142	0	0	20199	5949	0	4987	3642	0	793	0	0	0	0	0	0	86	4	0	0	0	0
HRP-26p-No-RIPR-VSP11-3_S108	32483	0	0	8241	0	0	19645	5651	0	4952	3480	0	1097	0	0	0	0	0	0	86	10	0	0	0	0
HRP-26p-PIGM-RIPR-DBP-1-RBP2b-3-1_S163	81794	0	0	0	46009	0	0	0	0	14135	9866	0	0	0	0	446	297	0	0	0	0	0	0	0	0
HRP-26p-PIGM-RIPR-DBP-1-RBP2b-3-2_S164	58970	0	0	0	27662	0	0	0	0	7676	5930	0	0	0	0	0	0	0	0	0	0	0	0	0	0
HRP-26p-PIGM-RIPR-DBP-1-RBP2b-3-3_S165	53067	0	0	0	27983	0	0	0	0	7743	5540	0	0	0	0	0	0	0	0	0	0	0	0	0	0
HRP-26p-PIGM-RIPR-VSP11-CG2-related-1_S157	47359	27776	0	11119	25976	0	0	0	0	0	0	0	0	0	0	0	0	0	0	0	0	0	0	0	0
HRP-26p-PIGM-RIPR-VSP11-CG2-related-2_S158	28895	16209	0	6788	15694	0	0	0	0	0	0	0	0	0	0	0	0	0	0	0	0	0	0	0	0
HRP-26p-PIGM-RIPR-VSP11-CG2-related-3_S159	33688	21004	0	8696	18706	0	0	0	0	0	0	0	0	0	0	0	0	0	0	0	0	0	0	0	0
HRP-HumanNegative_S192	0	0	0	0	0	0	0	0	0	0	0	0	0	0	0	0	0	0	0	0	0	0	0	1	0
